{
    "cave": {
        "id_cave": 1,
        "nom": "ma cave ",
        "pseudo_utilisateur": "alex",
        "etageres": [
            {
                "id_etagere": 1,
                "numero_etagere": 1,
                "nbre_emplacement": 3,
                "nbre_bouteilles": 0,
                "bouteilles": [
                    {
                        "id_bouteille": 28,
                        "nom_emplacement_bouteille": "1",
                        "quantite_bouteille": 1,
                        "id_vin": 17
                    }
                ]
            },
            {
                "id_etagere": 2,
                "numero_etagere": 2,
                "nbre_emplacement": 3,
                "nbre_bouteilles": 0,
                "bouteilles": []
            },
            {
                "id_etagere": 3,
                "numero_etagere": 3,
                "nbre_emplacement": 3,
                "nbre_bouteilles": 0,
                "bouteilles": []
            },
            {
                "id_etagere": 4,
                "numero_etagere": 4,
                "nbre_emplacement": 3,
                "nbre_bouteilles": 0,
                "bouteilles": []
            },
            {
                "id_etagere": 5,
                "numero_etagere": 5,
                "nbre_emplacement": 3,
                "nbre_bouteilles": 0,
                "bouteilles": []
            }
        ]
    }
}