{
    "cave": {
        "id_cave": 5,
        "nom": "exam",
        "pseudo_utilisateur": "exam",
        "etageres": [
            {
                "id_etagere": 21,
                "numero_etagere": 1,
                "nbre_emplacement": 3,
                "nbre_bouteilles": 0,
                "bouteilles": []
            },
            {
                "id_etagere": 22,
                "numero_etagere": 2,
                "nbre_emplacement": 3,
                "nbre_bouteilles": 0,
                "bouteilles": []
            },
            {
                "id_etagere": 23,
                "numero_etagere": 3,
                "nbre_emplacement": 3,
                "nbre_bouteilles": 0,
                "bouteilles": []
            },
            {
                "id_etagere": 24,
                "numero_etagere": 4,
                "nbre_emplacement": 3,
                "nbre_bouteilles": 0,
                "bouteilles": []
            },
            {
                "id_etagere": 25,
                "numero_etagere": 5,
                "nbre_emplacement": 3,
                "nbre_bouteilles": 0,
                "bouteilles": []
            }
        ]
    }
}